model_type,val/accuracy,val/accuracy,val/accuracy,val/accuracy,final/matthews_corrcoef,final/matthews_corrcoef,final/matthews_corrcoef,final/cohen_kappa,final/cohen_kappa,final/cohen_kappa,final/macro_roc_auc,final/macro_roc_auc,final/macro_roc_auc,final/macro avg_f1-score,final/macro avg_f1-score,final/macro avg_f1-score
,mean,max,std,count,mean,max,std,mean,max,std,mean,max,std,mean,max,std
convnext,11.088274044795783,25.533596837944668,8.356268352378548,30,0.029875863651371945,0.13528122147346133,0.051396255588900645,0.028012120757272472,0.13401937046004841,0.04865837697808543,0.5418628483475649,0.6510798824559056,0.05701141806507268,0.06056925405117925,0.2015897444487079,0.05776542293418039
densenet,13.003952569169961,19.841897233201582,6.752020778160868,24,0.04313241693956408,0.16921812674966927,0.053181269864573784,0.03137279473662772,0.14993376637648614,0.045057916512652355,0.5859517463988833,0.728455494982973,0.09146662642864499,0.06864711465263737,0.19799681233433786,0.05494208865122025
efficientnet,16.844919786096256,32.648221343873516,8.408557123394283,34,0.08847641671507334,0.22485936432848028,0.07582391346362333,0.07801831401364989,0.221257225433526,0.07222367299799591,0.6260753635361725,0.7535347747749633,0.09731024959249032,0.12550092228751272,0.304042121573791,0.08294957368797012
inception,14.982872200263504,22.608695652173914,5.465526270552149,30,0.036550798281880126,0.1159048027765374,0.03303883731774194,0.03229906762511224,0.11382050340891592,0.030463211309524056,0.5645087509038869,0.6477246082423085,0.04956740096579013,0.08518711954752055,0.20608589579514844,0.04315224079574728
resnet,15.459815546772068,19.604743083003953,5.309575191929761,30,0.03556982287767139,0.11401062461155864,0.026715530446895886,0.023277715037596864,0.09564077061711873,0.021084426176771753,0.5722473146592495,0.6465624739012685,0.04312375825363591,0.057838275731459284,0.13304212087516132,0.02473228983314139
swin,18.766798418972332,23.636363636363637,4.106717465485908,30,0.09185958090223169,0.1337797847484418,0.0263275703463006,0.08258157073739282,0.11971670688006852,0.024588019051989422,0.6264309866943144,0.6675341176219196,0.04176302253280208,0.13714315588162757,0.1808087716581857,0.030845106818553677
vgg,16.95292849443047,30.909090909090907,9.052931821483384,22,0.09273026623441703,0.2191239489186811,0.08599886132049238,0.08382215454295162,0.21551913306213366,0.08002613953664679,0.633216133164061,0.75061693407444,0.10609961694931748,0.13343794188995847,0.2902270502998374,0.09590503826494544
vit,11.888308045390795,26.877470355731226,7.839034772977686,93,0.045689895035354124,0.14359004431724137,0.053851277041807685,0.04238589171782114,0.1398132050297174,0.05124575733639376,0.5699229369926958,0.6768030102761384,0.052559617572536674,0.08445128608680724,0.19410865616568843,0.06109900410838624
