Model,Version,MCC,F1-Macro,Kappa,Acc,ROC-AUC,Latency (ms),Params (M),GFLOPs
CONVNEXT,V1,0.5503188749698327,0.6194349692275593,0.5426342518609448,0.6093552465233881,0.9136748550187674,6.391462083734035,28.347754,4.470196224
DENSENET,V1,0.5501104945288441,0.6049633627572841,0.5390107088220296,0.6055625790139064,0.9286778657737831,19.235396559330177,7.483786,2.86505216
EFFICIENTNET,V1,0.5159481425177942,0.5923990295994727,0.5147783804002245,0.5853350189633375,0.8994029664123161,9.657507244993225,4.66855,0.401039872
VGG,V1,0.49171891259196887,0.547375728039532,0.4881987123995335,0.5632111251580278,0.9069279091196971,11.030368331475971,26.49313,19.544615424
SWIN,V1,0.3930846882125208,0.47997595041337904,0.3889245691550315,0.4696586599241466,0.8805059114334167,11.236432360340377,28.04698,4.508990976
VIT,V1,0.3910361611168146,0.4721289573082884,0.39020592120889996,0.4778761061946903,0.8659124231993893,15.32036808743842,86.029706,16.866875392
RESNET,V1,0.32383112827413235,0.4250309681553811,0.3187436699268853,0.4108723135271808,0.8484980048285033,4.983346985373999,21.681226,3.671146496
INCEPTION,V1,0.24839437996770755,0.3434637558589574,0.24667367989871158,0.3533501896333755,0.7732861894511123,12.69868815505545,23.893994,2.847328384
DENSENET,V10,0.6461486680478472,0.6926179509816859,0.6419031553785916,0.6958174904942965,0.944126475923406,19.43991839837316,7.483786,2.86505216
CONVNEXT,V10,0.6153445116652803,0.674572891546436,0.6148043273956669,0.670468948035488,0.9258987462456222,6.823188840991172,28.347754,4.470196224
EFFICIENTNET,V10,0.5914601366941087,0.6442056517189549,0.5896731054977711,0.6495564005069708,0.9191392476653014,13.558605330239589,8.064268,0.681280864
VGG,V10,0.49097194609553435,0.5840019249131573,0.4871635434772298,0.5614702154626109,0.9189131507109718,11.648056029456614,33.016394,19.551138304
RESNET,V10,0.45011184692660766,0.5382687776723041,0.44881854370868546,0.5272496831432193,0.8762971065676171,7.942474399827874,24.691018,4.110646784
VIT,V10,0.4327708070449511,0.5094453267237329,0.43101976658694685,0.5133079847908745,0.8706441606264027,15.666141474698597,86.029706,16.866875392
SWIN,V10,0.4142802436664455,0.49965216029267684,0.41182909990089656,0.4873257287705957,0.8887330065207854,11.884415220924865,28.04698,4.508990976
INCEPTION,V10,0.2882212242621768,0.3721122249100796,0.2860843241601082,0.3884664131812421,0.8028108911771185,13.328195601484545,23.893994,2.847328384
VGG,V8,0.23773463306176723,0.30628522285411275,0.23322706148344752,0.34576485461441214,0.768242962557248,11.604689496837782,33.023306,19.897954816
VIT,V8,0.11991899919489082,0.1658955150330539,0.11385154464554137,0.23324905183312264,0.6755279014278155,16.556114535284255,88.685578,17.3295936
SWIN,V8,0.1152044627076109,0.15438096884610958,0.10891031109056315,0.20986093552465235,0.6777171214143951,12.780346384174257,28.065412,4.566793728
CONVNEXT,V8,0.10734523853114074,0.10924260476480749,0.09549604127259315,0.21491782553729458,0.6578215036261013,6.578202592061807,28.366186,4.527998976
RESNET,V8,0.03607208281205879,0.0530019461263598,0.013354270591500184,0.1845764854614412,0.6484502999618184,6.01233966344221,21.718858,4.143202304
DENSENET,V8,0.033762731908620065,0.0418607130359629,0.011507380012089619,0.18520859671302148,0.6376412456199384,19.951183282076727,7.256458,3.336843264
EFFICIENTNET,V8,-0.0010409332911435988,0.04971359947811599,-0.0008169065458911717,0.15802781289506954,0.5069423577621357,14.780391845234004,8.067724,0.724632928
INCEPTION,V8,-0.015319538074414395,0.05623460406733952,-0.013298292732878192,0.11630847029077118,0.4758413320364655,12.752460872438911,23.89745,2.88990976
DENSENET,V9,0.6306786363107527,0.658626132491914,0.6291081885632239,0.6845764854614412,0.9311068914534785,19.057021790399546,7.218826,2.864787456
CONVNEXT,V9,0.5513851116213629,0.5989711997243157,0.5503675132541151,0.6169405815423514,0.8834276128310332,6.456260016751999,28.347754,4.470196224
EFFICIENTNET,V9,0.5185989456469434,0.5816900647436866,0.516605912004643,0.5853350189633375,0.8872461482813044,9.279484199783877,4.338054,0.400709632
VGG,V9,0.5157257976974395,0.5249800564313465,0.5119011225412172,0.5859671302149179,0.8929298046479259,11.305109709153934,33.016394,19.551138304
RESNET,V9,0.38914948746008204,0.44703778448521525,0.3847981382040401,0.4683944374209861,0.8565658126432062,8.01319477628733,24.691018,4.110646784
SWIN,V9,0.3682162714144918,0.4437443183273143,0.3640777805224199,0.4424778761061947,0.870213230249824,11.743446918882608,28.04698,4.508990976
VIT,V9,0.3630806161467496,0.44066301506421707,0.3625924961954875,0.450063211125158,0.857020353554805,15.36770073379662,86.029706,16.866875392
INCEPTION,V9,0.27923410033309604,0.3660606799122811,0.2777612478753909,0.37926675094816686,0.8092942339245163,12.348242361756697,23.893994,2.847328384
