model_type,dataset_version,run_id,mcc_val,val_acc,weights_path,needs_retrain,config_path
resnet,v1,ada2a8716dc6493297785e34ccf0e2b4,0.41601782071777643,47.66798418972332,results/weights/v1/resnet_best.pth,False,src/config/models/optimized/best_config_resnet_v1.yaml
inception,v1,fe3f4c79e071495ebb990d1c943de858,0.30708428301121293,38.57707509881423,results/weights/v1/inception_best.pth,False,src/config/models/optimized/best_config_inception_v1.yaml
efficientnet,v1,19fd165a2f104e0d9b1c4b4c0d112801,0.5889986009609995,64.58498023715416,results/weights/v1/efficientnet_best.pth,False,src/config/models/optimized/best_config_efficientnet_v1.yaml
densenet,v1,b7fc274902974b1ab0027b8cbcabbf4e,0.6030913230196278,63.63636363636363,results/weights/v1/densenet_best.pth,False,src/config/models/optimized/best_config_densenet_v1.yaml
vgg,v1,3d8ee8b0ebda4e89b6348b8b0cdd17d2,0.5611761039349404,60.39525691699604,results/weights/v1/vgg_best.pth,False,src/config/models/optimized/best_config_vgg_v1.yaml
vit,v1,74bac58fa12b47278fa48e642fbae383,0.4184882118382363,49.40711462450593,results/weights/v1/vit_best.pth,False,src/config/models/optimized/best_config_vit_v1.yaml
swin,v1,1315c92efef74b74aa2a50a08fd3cd89,0.42349200683741106,46.56126482213438,results/weights/v1/swin_best.pth,False,src/config/models/optimized/best_config_swin_v1.yaml
convnext,v1,a71acb264f7f465ca211d6c44f0ac6df,0.6053476863954566,61.501976284584984,results/weights/v1/convnext_best.pth,False,src/config/models/optimized/best_config_convnext_v1.yaml
resnet,v8,e4fe089ee1ab4327b3f86c9c2e7226fc,0.11401062461155864,18.49802371541502,results/weights/v8/resnet_best.pth,False,src/config/models/optimized/best_config_resnet_v8.yaml
inception,v8,7e52f9da9b304d4486782edbd895b952,0.1159048027765374,22.608695652173914,results/weights/v8/inception_best.pth,False,src/config/models/optimized/best_config_inception_v8.yaml
efficientnet,v8,0cdc2a5a61274d41a950c755e47b36b4,0.22485936432848028,32.648221343873516,results/weights/v8/efficientnet_best.pth,False,src/config/models/optimized/best_config_efficientnet_v8.yaml
densenet,v8,c4ce0ee4a51a4b549eb603f5a8e49094,0.16921812674966927,15.33596837944664,results/weights/v8/densenet_best.pth,False,src/config/models/optimized/best_config_densenet_v8.yaml
vgg,v8,c730b5428a3b4bada37d563cd2714680,0.2191239489186811,30.909090909090907,results/weights/v8/vgg_best.pth,False,src/config/models/optimized/best_config_vgg_v8.yaml
vit,v8,064e04ae52254f04bce456ea1a8ceeb5,0.14359004431724137,26.877470355731226,results/weights/v8/vit_best.pth,False,src/config/models/optimized/best_config_vit_v8.yaml
swin,v8,c2b0b3d56274434db5e6c29bbc44ca81,0.1337797847484418,22.371541501976285,results/weights/v8/swin_best.pth,False,src/config/models/optimized/best_config_swin_v8.yaml
convnext,v8,0ad076714ef948809429fe35f6ce82e0,0.13528122147346133,24.743083003952567,results/weights/v8/convnext_best.pth,False,src/config/models/optimized/best_config_convnext_v8.yaml
resnet,v9,a309564a67e5409d8220dc0e7ec11bd0,0.3860201378686038,47.03557312252965,results/weights/v9/resnet_best.pth,False,src/config/models/optimized/best_config_resnet_v9.yaml
inception,v9,31ea4e8a22c444eda2281843f0f824b0,0.29019722028372485,38.97233201581028,results/weights/v9/inception_best.pth,False,src/config/models/optimized/best_config_inception_v9.yaml
efficientnet,v9,29a8c06a3e9648bb97241d9e07b806e1,0.5581820210722701,56.28458498023715,results/weights/v9/efficientnet_best.pth,False,src/config/models/optimized/best_config_efficientnet_v9.yaml
densenet,v9,fd9bf1c8f4364c32965715f960166328,0.6503740548445562,67.43083003952569,results/weights/v9/densenet_best.pth,False,src/config/models/optimized/best_config_densenet_v9.yaml
vgg,v9,b6a594e261ce4dfa898adb5fde20c7d8,0.5281006865019099,56.996047430830046,results/weights/v9/vgg_best.pth,False,src/config/models/optimized/best_config_vgg_v9.yaml
vit,v9,7f25ad5715ac4468914e1c7c769515b9,0.40591611961399066,46.08695652173913,results/weights/v9/vit_best.pth,False,src/config/models/optimized/best_config_vit_v9.yaml
swin,v9,cc87b0b72868407da42d8f0aa451b730,0.42493048966538277,49.80237154150198,results/weights/v9/swin_best.pth,False,src/config/models/optimized/best_config_swin_v9.yaml
convnext,v9,21f2439d3be048f9a2c8ec325f5e55d3,0.580884451223872,63.873517786561266,results/weights/v9/convnext_best.pth,False,src/config/models/optimized/best_config_convnext_v9.yaml
resnet,v10,78b8c599fe8347acbfd56841136085cb,0.48233717311633745,49.603803486529316,results/weights/v10/resnet_best.pth,False,src/config/models/optimized/best_config_resnet_v10.yaml
inception,v10,bf61d836186c436cb7997e8dbf507542,0.31882844700468926,39.3026941362916,results/weights/v10/inception_best.pth,False,src/config/models/optimized/best_config_inception_v10.yaml
efficientnet,v10,d2f38ede4eed4dfa9129cc1c3ffc696a,0.600569490094315,64.34231378763867,results/weights/v10/efficientnet_best.pth,False,src/config/models/optimized/best_config_efficientnet_v10.yaml
densenet,v10,3990866df7de4acb9a745fcce49076bd,0.6930084006526562,72.10776545166404,results/weights/v10/densenet_best.pth,False,src/config/models/optimized/best_config_densenet_v10.yaml
vgg,v10,b18122c82bc543a0b0311ccd63cb89ed,0.57317259436774,59.746434231378764,results/weights/v10/vgg_best.pth,False,src/config/models/optimized/best_config_vgg_v10.yaml
vit,v10,c34f96654a7a49b3bf51cc451a6fe59b,0.4809143568143741,55.86370839936608,results/weights/v10/vit_best.pth,False,src/config/models/optimized/best_config_vit_v10.yaml
swin,v10,8528842641ab4e18b30e84f16e77aad0,0.42791756500823974,49.52456418383518,results/weights/v10/swin_best.pth,False,src/config/models/optimized/best_config_swin_v10.yaml
convnext,v10,6ca352ddfe6e43849451fc76c170f364,0.6333691979254412,67.51188589540412,results/weights/v10/convnext_best.pth,False,src/config/models/optimized/best_config_convnext_v10.yaml
resnet,v11,ff24dc3192f448f1b76d7942e86b3766,0.1331940395884524,18.102766798418973,results/weights/v11/resnet_best.pth,False,src/config/models/optimized/best_config_resnet_v11.yaml
inception,v11,f347e8d08df9475e8136bff6a8a67e73,0.11835280975729405,21.897233201581027,results/weights/v11/inception_best.pth,False,src/config/models/optimized/best_config_inception_v11.yaml
efficientnet,v11,67343a67803942238bf7dbe47edd49bf,0.28383157330379954,15.33596837944664,results/weights/v11/efficientnet_best.pth,False,src/config/models/optimized/best_config_efficientnet_v11.yaml
densenet,v11,41d9601e8abf4a079729f88dd39eff8b,0.16155099682936702,18.972332015810274,results/weights/v11/densenet_best.pth,False,src/config/models/optimized/best_config_densenet_v11.yaml
vgg,v11,596eba7f91fa4a10803a8242b46dbb5a,0.2267474555792296,15.889328063241107,results/weights/v11/vgg_best.pth,False,src/config/models/optimized/best_config_vgg_v11.yaml
vit,v11,07d6d3e997934155b4103e3a560efad9,0.14599301526262773,23.557312252964426,results/weights/v11/vit_best.pth,False,src/config/models/optimized/best_config_vit_v11.yaml
swin,v11,faca2e9484fe4484b681f787370141a4,0.1454378427982547,23.241106719367586,results/weights/v11/swin_best.pth,False,src/config/models/optimized/best_config_swin_v11.yaml
convnext,v11,a1e6da81bfa0451b90c8fb047906ece6,0.15387041951635785,24.82213438735178,results/weights/v11/convnext_best.pth,False,src/config/models/optimized/best_config_convnext_v11.yaml
resnet,v12,49facad303f84fe9adbcae7e6173ce20,0.09687086095960186,19.41362916006339,results/weights/v12/resnet_best.pth,False,src/config/models/optimized/best_config_resnet_v12.yaml
inception,v12,faaeec62517143918c264de944f05590,0.1300521489709293,24.722662440570524,results/weights/v12/inception_best.pth,False,src/config/models/optimized/best_config_inception_v12.yaml
efficientnet,v12,ae26ed4857a5459e8b1c5c2b85be003d,0.25247637487637375,16.798732171156892,results/weights/v12/efficientnet_best.pth,False,src/config/models/optimized/best_config_efficientnet_v12.yaml
densenet,v12,2bb17a4cdec64402ab3f1868dc619bfe,0.17231654772153956,17.591125198098258,results/weights/v12/densenet_best.pth,False,src/config/models/optimized/best_config_densenet_v12.yaml
vgg,v12,ab036e63bb004b3a97769445a7b4a419,0.21967775949576016,33.914421553090335,results/weights/v12/vgg_best.pth,False,src/config/models/optimized/best_config_vgg_v12.yaml
vit,v12,99d103239a8d4e5290fbea33ba1523c1,0.1737337162686146,25.594294770206023,results/weights/v12/vit_best.pth,False,src/config/models/optimized/best_config_vit_v12.yaml
swin,v12,7e7891c4852d4ba29a5ef703cc4c8c19,0.14687191935561061,22.900158478605388,results/weights/v12/swin_best.pth,False,src/config/models/optimized/best_config_swin_v12.yaml
convnext,v12,15fe7ea1f34f4105a172db2b1fa51724,0.17929864583812133,29.635499207606976,results/weights/v12/convnext_best.pth,False,src/config/models/optimized/best_config_convnext_v12.yaml
